date,link,text
2019-01-09 17:42,https://newyork.craigslist.org/mnh/egr/d/new-york-city-experienced-architect/6791088394.html,Experienced Architect
2019-01-09 17:34,https://newyork.craigslist.org/mnh/egr/d/new-york-city-project-manager-7-years/6791081339.html,Project Manager - 7++ years experience
2019-01-09 17:01,https://newyork.craigslist.org/mnh/egr/d/new-york-city-construction-project/6791052764.html,Construction Project Manager - Harlem
2019-01-09 16:36,https://newyork.craigslist.org/stn/egr/d/staten-island-architectural-draftsman/6791029818.html,Architectural Draftsman
2019-01-09 15:36,https://newyork.craigslist.org/mnh/egr/d/new-york-city-designer-monograph/6790973431.html,Designer - Monograph drawings for publication
2019-01-09 14:45,https://newyork.craigslist.org/mnh/egr/d/new-york-city-senior-project-manager/6790923206.html,Senior Project Manager
2019-01-09 14:42,https://newyork.craigslist.org/mnh/egr/d/new-york-city-creative-design-lead/6790920099.html,Creative design lead opportunity!
2019-01-09 13:28,https://newyork.craigslist.org/que/egr/d/construction-estimator-project-manager/6790840342.html,Construction Estimator/Project Manager
2019-01-09 13:26,https://newyork.craigslist.org/que/egr/d/cad-draftsman-estimator/6790838663.html,CAD Draftsman/Estimator
2019-01-09 12:38,https://newyork.craigslist.org/brk/egr/d/astoria-concrete-laboratory-technician/6790784810.html,Concrete Laboratory Technician
2019-01-09 10:50,https://newyork.craigslist.org/mnh/egr/d/project-architect-design-build-firm/6790669859.html,Project Architect - Design Build Firm
2019-01-09 10:14,https://newyork.craigslist.org/mnh/egr/d/new-york-city-mid-level-to-senior-level/6790637079.html,Mid-Level to Senior Level Project Manager/Architect
2019-01-09 09:45,https://newyork.craigslist.org/que/egr/d/woodside-top-architectural-metal-glass/6790612463.html,Top Architectural Metal  + Glass Company looking for drafter/engineer!
2019-01-09 08:21,https://newyork.craigslist.org/mnh/egr/d/draftsperson-detailer/6790561858.html,Draftsperson Detailer
2019-01-09 08:12,https://newyork.craigslist.org/brk/egr/d/brooklyn-estimator-wanted-asap/6790558342.html,Estimator wanted ASAP
2019-01-09 07:39,https://newyork.craigslist.org/brk/egr/d/brooklyn-cad-drafter-surveyor/6790547451.html,Cad Drafter/ Surveyor
2019-01-08 15:49,https://newyork.craigslist.org/brk/egr/d/brooklyn-knowledge-in-new-york-city/6790155732.html,knowledge in New york city energy code for buildings
2019-01-08 15:07,https://newyork.craigslist.org/brk/egr/d/brooklyn-architect/6790114335.html,ARCHITECT
2019-01-08 14:52,https://newyork.craigslist.org/mnh/egr/d/new-york-city-director-of-special/6790099154.html,Director of Special Inspections (Professional Engineer)
2019-01-08 14:25,https://newyork.craigslist.org/mnh/egr/d/new-york-city-architectural-designer/6790070848.html,Architectural Designer | Commercial
2019-01-08 12:43,https://newyork.craigslist.org/wch/egr/d/brooklyn-certified-mechanic-needed-for/6789958032.html,Certified Mechanic Needed for Vehicle Inspections
2019-01-08 11:58,https://newyork.craigslist.org/mnh/egr/d/new-york-city-mid-level-architect/6789908555.html,Mid Level Architect-Project Management Track
2019-01-08 11:45,https://newyork.craigslist.org/mnh/egr/d/new-york-city-residential-interior/6789894902.html,RESIDENTIAL INTERIOR DESIGNER (HIGH END)
2019-01-08 11:39,https://newyork.craigslist.org/brx/egr/d/katonah-temporary-mid-level-architect/6789888863.html,Temporary Mid Level Architect - Commercial Building Renovation
2019-01-08 11:25,https://newyork.craigslist.org/fct/egr/d/mamaroneck-kitchen-bath-designer/6789874019.html,KITCHEN/BATH DESIGNER
2019-01-08 11:24,https://newyork.craigslist.org/wch/egr/d/mamaroneck-kitchen-bath-designer/6789873363.html,KITCHEN/BATH DESIGNER
2019-01-08 11:24,https://newyork.craigslist.org/que/egr/d/jamaica-nyc-dob-expediter-seeks-class-1/6789872870.html,NYC DOB Expediter Seeks Class 1 or 2 Filing Rep (All Boroughs)
2019-01-08 11:21,https://newyork.craigslist.org/fct/egr/d/mamaroneck-architect-designer/6789870590.html,ARCHITECT / DESIGNER
2019-01-08 11:20,https://newyork.craigslist.org/wch/egr/d/mamaroneck-architect-designer/6789869588.html,ARCHITECT / DESIGNER
2019-01-08 11:14,https://newyork.craigslist.org/fct/egr/d/mamaroneck-interior-designer/6789863632.html,INTERIOR DESIGNER
2019-01-08 11:11,https://newyork.craigslist.org/brk/egr/d/brooklyn-estimator-drywall-ceilings/6789860527.html,ESTIMATOR - DRYWALL & CEILINGS
2019-01-08 11:10,https://newyork.craigslist.org/wch/egr/d/mamaroneck-interior-designer/6789859519.html,INTERIOR DESIGNER
2019-01-08 10:31,https://newyork.craigslist.org/brk/egr/d/brooklyn-time-out-market-is-looking-for/6789822419.html,Time Out Market is looking for a Maintenance/Facilities Engineer
2019-01-08 09:50,https://newyork.craigslist.org/brx/egr/d/bronx-estimator/6789787254.html,Estimator
2019-01-08 08:54,https://newyork.craigslist.org/mnh/egr/d/new-york-city-expeditor-project-manager/6789748427.html,Expeditor/Project Manager (DOB Class 1 or 2)
2019-01-08 07:43,https://newyork.craigslist.org/que/egr/d/jamaica-hvac-drafter/6789719470.html,HVAC DRAFTER
2019-01-07 22:28,https://newyork.craigslist.org/mnh/egr/d/architect-intermediate/6789608167.html,"Architect, Intermediate"
2019-01-07 18:12,https://newyork.craigslist.org/mnh/egr/d/new-york-city-construction-manager/6789447409.html,Construction Manager-Superintendent-High End Residential
2019-01-07 18:12,https://newyork.craigslist.org/brx/egr/d/bronx-experienced-architect/6789447258.html,Experienced Architect/Draftman(Part-time)
2019-01-07 16:57,https://newyork.craigslist.org/lgi/egr/d/melville-architectural-drafter/6789380951.html,Architectural Drafter
2019-01-07 16:41,https://newyork.craigslist.org/brk/egr/d/brooklyn-architectural-designer-project/6789366349.html,Architectural Designer/Project Manager
2019-01-07 15:34,https://newyork.craigslist.org/mnh/egr/d/new-york-city-project-architect-new/6789298515.html,"Project Architect, New York City"
2019-01-07 15:12,https://newyork.craigslist.org/mnh/egr/d/new-york-city-junior-construction/6789274740.html,Junior Construction Estimator
2019-01-07 14:06,https://newyork.craigslist.org/fct/egr/d/norwalk-autocad-drafter-designer/6789202094.html,AutoCAD Drafter / Designer / Assistant to Job Supervisor
2019-01-07 13:05,https://newyork.craigslist.org/mnh/egr/d/new-york-city-electrical-estimator/6789133622.html,Electrical Estimator
2019-01-07 12:57,https://newyork.craigslist.org/que/egr/d/astoria-photo-realistic-renderings/6789124120.html,◄◄ PHOTO-REALISTIC RENDERINGS CREATED FROM YOUR SKETCHUP MODELS
2019-01-07 12:12,https://newyork.craigslist.org/mnh/egr/d/new-york-city-hvac-engineer-project/6789072473.html,HVAC Engineer Project Engineer/Manager
2019-01-07 11:16,https://newyork.craigslist.org/fct/egr/d/landscape-designer-architect-landscape/6789011327.html,Landscape Designer/Architect - Landscape sales
2019-01-07 11:04,https://newyork.craigslist.org/mnh/egr/d/architects/6788999132.html,Architects
2019-01-07 10:55,https://newyork.craigslist.org/mnh/egr/d/new-york-city-project-designer-wanted/6788989181.html,PROJECT DESIGNER WANTED
2019-01-07 10:53,https://newyork.craigslist.org/mnh/egr/d/junior-interior-design-with-autocad-for/6788987493.html,Junior Interior Design - with autocad for interior design/build
2019-01-07 10:39,https://newyork.craigslist.org/que/egr/d/rockaway-park-draftsman/6788973440.html,Draftsman
2019-01-07 10:13,https://newyork.craigslist.org/brx/egr/d/bronx-coordination-specialist/6788949300.html,Coordination Specialist
2019-01-06 13:49,https://newyork.craigslist.org/mnh/egr/d/new-york-city-contract-architect/6788402512.html,Contract Architect Position
2019-01-06 13:39,https://newyork.craigslist.org/brk/egr/d/brooklyn-project-manager/6788394308.html,Project Manager
2019-01-05 12:12,https://newyork.craigslist.org/mnh/egr/d/new-york-city-administrator-researcher/6787615262.html,Administrator/Researcher
2019-01-04 18:02,https://newyork.craigslist.org/mnh/egr/d/new-york-city-product-design-internship/6787156392.html,Product Design Internship with Experimental Furniture Firm
2019-01-04 17:17,https://newyork.craigslist.org/mnh/egr/d/facade-building-envelope-junior/6787116215.html,Facade / Building Envelope Junior Architect
2019-01-04 17:14,https://newyork.craigslist.org/mnh/egr/d/facade-building-envelope-project/6787113827.html,Facade / Building Envelope Project Architect
2019-01-04 17:13,https://newyork.craigslist.org/mnh/egr/d/facade-building-envelope-structural/6787112674.html,Facade / Building Envelope Structural Project Engineer
2019-01-04 17:10,https://newyork.craigslist.org/mnh/egr/d/facade-building-envelope-architect/6787110168.html,Facade / Building Envelope Architect
2019-01-04 17:09,https://newyork.craigslist.org/mnh/egr/d/facade-building-envelope-structural/6787109188.html,Facade / Building Envelope Structural Engineer
2019-01-04 17:03,https://newyork.craigslist.org/mnh/egr/d/new-york-city-electrical-estimator/6787102807.html,Electrical Estimator
2019-01-04 17:01,https://newyork.craigslist.org/mnh/egr/d/new-york-city-electrical-estimator/6787101462.html,Electrical Estimator
2019-01-04 14:14,https://newyork.craigslist.org/mnh/egr/d/new-york-city-electrical-engineer/6786930441.html,Electrical Engineer
2019-01-04 13:05,https://newyork.craigslist.org/mnh/egr/d/new-york-city-real-estate-development/6786851617.html,Real Estate Development Associate
2019-01-04 12:47,https://newyork.craigslist.org/mnh/egr/d/princeton-architects/6786830341.html,Architects
2019-01-04 12:08,https://newyork.craigslist.org/mnh/egr/d/new-york-city-intermediate-designer-ffe/6786785411.html,Intermediate Designer - FF&E
2019-01-04 11:41,https://newyork.craigslist.org/mnh/egr/d/gainesville-revit-residential-designer/6786754469.html,Revit Residential Designer/Decorator
2019-01-04 08:27,https://newyork.craigslist.org/brk/egr/d/brooklyn-architectural-draftsperson/6786593134.html,Architectural Draftsperson/Project architect
2019-01-04 07:55,https://newyork.craigslist.org/brk/egr/d/brooklyn-draftsperson/6786581011.html,DRAFTSPERSON
2019-01-03 20:20,https://newyork.craigslist.org/mnh/egr/d/new-york-city-showroom-design-for/6786398880.html,SHOWROOM DESIGN FOR  INTERIOR DECORATOR
2019-01-03 17:58,https://newyork.craigslist.org/mnh/egr/d/new-york-city-technical-architect/6786296563.html,Technical Architect - Intermediate
2019-01-03 16:51,https://newyork.craigslist.org/mnh/egr/d/registered-architect/6786237956.html,Registered Architect
2019-01-03 16:50,https://newyork.craigslist.org/mnh/egr/d/intermediate-architect/6786236931.html,Intermediate Architect
2019-01-03 16:09,https://newyork.craigslist.org/mnh/egr/d/new-york-city-interior-designer/6786198036.html,Interior Designer
2019-01-03 15:32,https://newyork.craigslist.org/mnh/egr/d/new-york-city-electrical-and-electronic/6786162156.html,Electrical and Electronic Engineers
2019-01-03 15:32,https://newyork.craigslist.org/mnh/egr/d/new-york-city-architectural-spring/6786161879.html,Architectural Spring Internship - Student or Recent Graduate
2019-01-03 15:06,https://newyork.craigslist.org/wch/egr/d/harrison-academic-tutors-starting-at-75/6786135124.html,Academic Tutors ( Starting at $75 per hour )
2019-01-03 15:04,https://newyork.craigslist.org/que/egr/d/richmond-hill-rf-project-engineer/6786133744.html,RF Project Engineer
2019-01-03 14:53,https://newyork.craigslist.org/lgi/egr/d/hicksville-architectural-graduate-or/6786122166.html,Architectural Graduate or Intern
2019-01-03 13:30,https://newyork.craigslist.org/wch/egr/d/hastings-on-hudson-architecture/6786031513.html,Architecture
2019-01-03 12:37,https://newyork.craigslist.org/brk/egr/d/brooklyn-structural-engineer/6785971877.html,Structural Engineer
2019-01-03 12:28,https://newyork.craigslist.org/brk/egr/d/brooklyn-autocad-draftsperson/6785961380.html,AutoCAD Draftsperson
2019-01-03 11:26,https://newyork.craigslist.org/que/egr/d/queens-village-project-manager-of-hvac/6785894142.html,Project Manager of HVAC Construction
2019-01-03 11:20,https://newyork.craigslist.org/que/egr/d/queens-village-mechanical-engineer/6785888115.html,Mechanical Engineer / Assistant PM
2019-01-03 09:08,https://newyork.craigslist.org/brk/egr/d/brooklyn-draftsman/6785776980.html,DRAFTSMAN
2019-01-03 07:37,https://newyork.craigslist.org/brk/egr/d/brooklyn-architect-or-senior/6785740677.html,Architect or Senior Draftsperson
2019-01-03 07:35,https://newyork.craigslist.org/brk/egr/d/architectural-draftsperson/6785740167.html,Architectural Draftsperson
2019-01-02 22:34,https://newyork.craigslist.org/brk/egr/d/brooklyn-construction-project-manager/6785635936.html,Construction Project Manager
2019-01-02 19:12,https://newyork.craigslist.org/brk/egr/d/nys-licensed-architect-or-pe/6785520107.html,NYS Licensed Architect or PE
2019-01-02 15:09,https://newyork.craigslist.org/brk/egr/d/brooklyn-mechanical-estimator/6785300630.html,Mechanical Estimator
2019-01-02 12:37,https://newyork.craigslist.org/mnh/egr/d/new-york-city-interior-designer/6785128152.html,"Interior Designer Available for Architects, Designers and Developers"
2019-01-02 11:30,https://newyork.craigslist.org/mnh/egr/d/new-york-city-junior-architect/6785053382.html,Junior Architect
2019-01-02 10:25,https://newyork.craigslist.org/mnh/egr/d/plumbing-fire-protection-engineers-and/6784989247.html,Plumbing -Fire Protection Engineers and Designers-REVIT
2019-01-02 10:19,https://newyork.craigslist.org/mnh/egr/d/mid-level-electrical-engineers-2-years/6784983507.html,Mid Level Electrical Engineers (2+ Years-with REVIT)
2019-01-02 10:09,https://newyork.craigslist.org/mnh/egr/d/new-york-city-senior-mep-design/6784974935.html,Senior MEP Design Engineers - Mech/Elec/Plumb-FP
2019-01-02 10:05,https://newyork.craigslist.org/lgi/egr/d/valley-stream-engineer-estimator/6784971993.html,Engineer/ Estimator/
2019-01-02 10:01,https://newyork.craigslist.org/mnh/egr/d/sr-project-pm-mep-engineers-mech-elec/6784968625.html,Sr. Project/PM MEP Engineers -MECH/ELEC/PL-FP
2019-01-01 22:53,https://newyork.craigslist.org/brx/egr/d/bronx-construction-estimator/6784804356.html,Construction Estimator
2019-01-01 16:59,https://newyork.craigslist.org/brk/egr/d/professional-wanted/6784620002.html,Professional wanted
2018-12-31 21:06,https://newyork.craigslist.org/brk/egr/d/brooklyn-electronics-geek-wanted-for/6784229480.html,"Electronics Geek Wanted for Super-Relaxed, Easy AF Job"
2018-12-31 09:55,https://newyork.craigslist.org/que/egr/d/change-your-career-earn-up-to-120k/6783789407.html,CHANGE YOUR CAREER: EARN up to $120K+ CLOSING IN-HOME SALES
2018-12-31 07:00,https://newyork.craigslist.org/mnh/egr/d/new-york-city-construction/6783726652.html,Construction Superintendent for 6 Story Condo
2018-12-31 01:22,https://newyork.craigslist.org/brk/egr/d/new-york-city-construction-project/6783689403.html,CONSTRUCTION - PROJECT MANAGERS
2018-12-30 18:26,https://newyork.craigslist.org/mnh/egr/d/new-york-city-architects-full-time-and/6783531859.html,Architects - Full Time and Freelance
2018-12-28 18:19,https://newyork.craigslist.org/mnh/egr/d/new-york-city-estimator-project-manager/6782253137.html,ESTIMATOR / PROJECT MANAGER - DRYWALL & ACOUSTICAL
2018-12-28 13:20,https://newyork.craigslist.org/mnh/egr/d/new-york-city-violation-expeditor/6781975693.html,Violation Expeditor
2018-12-28 13:14,https://newyork.craigslist.org/que/egr/d/long-island-city-drafting-estimating/6781968777.html,Drafting/Estimating Internship
2018-12-28 12:14,https://newyork.craigslist.org/lgi/egr/d/nesconset-read-blueprints-architectural/6781904113.html,Read Blueprints. Architectural structural..
2018-12-28 11:47,https://newyork.craigslist.org/que/egr/d/astoria-draftsperson/6781874454.html,DRAFTSPERSON
2018-12-28 10:37,https://newyork.craigslist.org/que/egr/d/junior-architect/6781806757.html,JUNIOR ARCHITECT
2018-12-27 17:48,https://newyork.craigslist.org/mnh/egr/d/new-york-city-junior-architect/6781448868.html,Junior Architect
2018-12-27 13:36,https://newyork.craigslist.org/brk/egr/d/brooklyn-fire-suppresion-takeoff/6781215517.html,Fire suppresion takeoff
2018-12-27 13:36,https://newyork.craigslist.org/mnh/egr/d/new-york-city-job-captain-project/6781215079.html,Job Captain / Project Architect
2018-12-27 13:27,https://newyork.craigslist.org/lgi/egr/d/civil-engineer-project-manager-nyc-and/6781205912.html,Civil Engineer/Project Manager (NYC and Long Island)
2018-12-27 11:00,https://newyork.craigslist.org/que/egr/d/flushing-architectural-designer/6781056136.html,Architectural Designer
2018-12-27 10:57,https://newyork.craigslist.org/que/egr/d/flushing-structural-engineer-3-5-yrs-exp/6781053334.html,Structural Engineer (3-5 yrs Exp.)
2018-12-27 10:48,https://newyork.craigslist.org/brk/egr/d/brooklyn-project-manager-junior/6781045483.html,Project Manager /Junior Architect 75K -100K
2018-12-27 09:39,https://newyork.craigslist.org/lgi/egr/d/melville-architectural-drafter/6780991473.html,Architectural Drafter
2018-12-26 12:33,https://newyork.craigslist.org/que/egr/d/long-island-city-marble-granite-shop/6780391077.html,Marble/Granite Shop Worker
2018-12-26 10:03,https://newyork.craigslist.org/que/egr/d/bayside-architect-senior-intermediate/6780251620.html,ARCHITECT Senior/ Intermediate
2018-12-26 01:44,https://newyork.craigslist.org/mnh/egr/d/new-york-city-mechanical-designers/6780143703.html,Mechanical Designers
2018-12-25 12:58,https://newyork.craigslist.org/wch/egr/d/spring-valley-architectural-drafter/6779940493.html,Architectural Drafter
2018-12-24 15:01,https://newyork.craigslist.org/mnh/egr/d/new-york-city-nicet-ii-inspector/6779668998.html,NICET II Inspector
2018-12-24 15:00,https://newyork.craigslist.org/brk/egr/d/brooklyn-architect-drafter/6779668635.html,ARCHITECT/DRAFTER
2018-12-23 10:51,https://newyork.craigslist.org/mnh/egr/d/new-york-city-senior-architect/6779019586.html,Senior Architect
2018-12-21 15:34,https://newyork.craigslist.org/mnh/egr/d/new-york-city-head-of-design-and/6778010420.html,Head of Design and Construction
2018-12-21 12:51,https://newyork.craigslist.org/brk/egr/d/brooklyn-glazing-project-manager/6777860962.html,Glazing Project Manager
2018-12-21 12:38,https://newyork.craigslist.org/lgi/egr/d/hicksville-kitchen-designer-wanted/6777847672.html,Kitchen Designer Wanted!
2018-12-21 09:55,https://newyork.craigslist.org/que/egr/d/maspeth-hvac-drafter/6777700567.html,HVAC Drafter
2018-12-21 09:54,https://newyork.craigslist.org/que/egr/d/hvac-estimator/6777699610.html,HVAC Estimator
2018-12-20 16:35,https://newyork.craigslist.org/mnh/egr/d/architectural-consultant-expediter/6777321960.html,Architectural Consultant/Expediter
2018-12-20 16:26,https://newyork.craigslist.org/mnh/egr/d/new-york-city-interior-designer-3d/6777314998.html,Interior Designer & 3D Modeler - Hospitality
2018-12-20 11:59,https://newyork.craigslist.org/mnh/egr/d/new-york-city-lighting-project-manager/6777070763.html,Lighting Project Manager
2018-12-20 11:26,https://newyork.craigslist.org/mnh/egr/d/new-york-city-part-time-license/6777038370.html,part time license engineer and master plumber
2018-12-19 23:19,https://newyork.craigslist.org/brk/egr/d/brooklyn-help-desgn-and-buld-devce-to/6776808550.html,Help Desıgn and Buıld a Devıce to Test Small Electronıcs
2018-12-19 17:07,https://newyork.craigslist.org/jsy/egr/d/union-city-cad-drafter/6776602537.html,CAD DRAFTER
2018-12-19 17:03,https://newyork.craigslist.org/brk/egr/d/brooklyn-construction-manager/6776599049.html,Construction Manager
2018-12-19 15:28,https://newyork.craigslist.org/mnh/egr/d/new-york-city-revit-designer-with/6776517658.html,REVIT Designer with Experience WANTED
2018-12-19 12:10,https://newyork.craigslist.org/mnh/egr/d/new-york-city-mid-level-to-senior-level/6776324508.html,Mid-Level to Senior Level Project Manager/Architect
2018-12-19 10:34,https://newyork.craigslist.org/mnh/egr/d/new-york-city-site-superintendent/6776232000.html,Site SuperIntendent/ Construction Project Manager/ Violation Mgr
2018-12-19 10:17,https://newyork.craigslist.org/mnh/egr/d/new-york-city-electrical-estimator/6776217605.html,Electrical Estimator
2018-12-19 10:15,https://newyork.craigslist.org/mnh/egr/d/astoria-jr-estimator-drafter-needed-in/6776215665.html,Jr Estimator/Drafter needed in LIC
2018-12-19 10:14,https://newyork.craigslist.org/mnh/egr/d/astoria-stone-project-manager-senior/6776214938.html,Stone Project Manager - Senior Position
2018-12-18 19:41,https://newyork.craigslist.org/que/egr/d/east-elmhurst-engineering-architecture/6775936741.html,Engineering/ Architecture Positing
2018-12-18 18:34,https://newyork.craigslist.org/brk/egr/d/junior-to-intermediate-architect/6775893510.html,Junior to Intermediate Architect
2018-12-18 13:25,https://newyork.craigslist.org/que/egr/d/long-island-city-design-assistant/6775620367.html,Design Assistant
2018-12-18 10:46,https://newyork.craigslist.org/mnh/egr/d/new-york-city-qa-inspector-heat-pumps/6775457120.html,QA Inspector - Heat Pumps
2018-12-18 10:46,https://newyork.craigslist.org/lgi/egr/d/melville-architectural-drafter/6775457078.html,Architectural Drafter
2018-12-18 10:22,https://newyork.craigslist.org/que/egr/d/long-island-city-construction/6775434960.html,CONSTRUCTION SUPERINTENDENT
2018-12-18 09:53,https://newyork.craigslist.org/mnh/egr/d/new-york-city-senior-architect-designer/6775411588.html,Senior Architect/Designer
2018-12-18 09:43,https://newyork.craigslist.org/mnh/egr/d/new-york-city-career-opportunities-for/6775403707.html,Career Opportunities for Immigrant Engineer Professionals
2018-12-18 09:05,https://newyork.craigslist.org/wch/egr/d/yonkers-window-door-drafter-needed/6775377048.html,Window & Door Drafter Needed
2018-12-18 08:21,https://newyork.craigslist.org/mnh/egr/d/new-york-city-construction-super-apm/6775355369.html,Construction Super / APM / High End Residential
2018-12-17 17:49,https://newyork.craigslist.org/lgi/egr/d/project-architect/6775059637.html,PROJECT ARCHITECT
2018-12-17 13:41,https://newyork.craigslist.org/mnh/egr/d/new-york-city-assistant-project-manager/6774821822.html,Assistant project Manager for Hospitality Builder
2018-12-17 12:22,https://newyork.craigslist.org/mnh/egr/d/seeking-full-time-class-2-permit/6774735029.html,Seeking Full Time Class 2 Permit Expeditor
2018-12-17 10:15,https://newyork.craigslist.org/mnh/egr/d/new-york-city-autocad-revit-drafter-40/6774601939.html,AutoCAD/Revit Drafter --  $40-45k
2018-12-17 09:26,https://newyork.craigslist.org/mnh/egr/d/new-york-city-architecture-intern/6774562927.html,Architecture Intern
2018-12-16 15:18,https://newyork.craigslist.org/que/egr/d/project-manager/6774156376.html,Project Manager
2018-12-15 15:30,https://newyork.craigslist.org/brk/egr/d/brooklyn-intermediate-architect/6773541154.html,Intermediate Architect
2018-12-14 17:56,https://newyork.craigslist.org/brk/egr/d/new-york-city-small-architecture-and/6772904922.html,Small Architecture and Design Studio
2018-12-14 17:05,https://newyork.craigslist.org/mnh/egr/d/facade-building-envelope-junior/6772863264.html,Facade / Building Envelope Junior Architect
2018-12-14 17:02,https://newyork.craigslist.org/mnh/egr/d/facade-building-envelope-project/6772860360.html,Facade / Building Envelope Project Architect
2018-12-14 17:01,https://newyork.craigslist.org/mnh/egr/d/facade-building-envelope-structural/6772859564.html,Facade / Building Envelope Structural Project Engineer
2018-12-14 17:00,https://newyork.craigslist.org/mnh/egr/d/facade-building-envelope-architect/6772858421.html,Facade / Building Envelope Architect
2018-12-14 16:59,https://newyork.craigslist.org/mnh/egr/d/facade-building-envelope-structural/6772857690.html,Facade / Building Envelope Structural Engineer
2018-12-14 15:39,https://newyork.craigslist.org/jsy/egr/d/morristown-cad-drafter-engineering/6772787012.html,CAD Drafter (Engineering)
2018-12-14 14:03,https://newyork.craigslist.org/mnh/egr/d/new-york-city-junior-architect/6772693141.html,Junior Architect
2018-12-14 13:21,https://newyork.craigslist.org/que/egr/d/estimator-assistant-project-manager/6772648819.html,Estimator / Assistant Project Manager
2018-12-14 12:33,https://newyork.craigslist.org/mnh/egr/d/new-york-city-senior-site/6772596632.html,Senior Site SuperIntendent  /  Construction Project Manager
2018-12-14 11:43,https://newyork.craigslist.org/mnh/egr/d/new-york-city-architect-3-10-years/6772542574.html,Architect 3-10 Years' Experience
2018-12-13 20:38,https://newyork.craigslist.org/wch/egr/d/thornwood-apms-and-assistant-supers/6772206653.html,APMs and Assistant Supers looking for growth?
2018-12-13 17:31,https://newyork.craigslist.org/que/egr/d/change-your-career-earn-up-to-100k/6772083976.html,CHANGE YOUR CAREER: EARN up to $100K+ CLOSING IN-HOME SALES
2018-12-13 15:56,https://newyork.craigslist.org/que/egr/d/astoria-mechanical-field-engineers/6772000861.html,Mechanical Field Engineers (Building Construction)
2018-12-13 10:33,https://newyork.craigslist.org/brk/egr/d/brooklyn-autocad-drafter/6771676156.html,AUTOCAD DRAFTER
2018-12-13 10:32,https://newyork.craigslist.org/mnh/egr/d/architects/6771675184.html,Architects
2018-12-13 09:45,https://newyork.craigslist.org/mnh/egr/d/new-york-city-project-supervisor-40-50k/6771635422.html,Project Supervisor -- $40-50k
2018-12-12 22:56,https://newyork.craigslist.org/jsy/egr/d/pittsburgh-construction-manager/6771476077.html,Construction Manager
2018-12-12 17:08,https://newyork.craigslist.org/mnh/egr/d/walden-architect/6771265425.html,Architect
2018-12-12 16:59,https://newyork.craigslist.org/que/egr/d/estimator-construction-asap/6771257082.html,Estimator - Construction *ASAP*
2018-12-12 16:51,https://newyork.craigslist.org/mnh/egr/d/draftsperson-detailer/6771249307.html,Draftsperson Detailer
2018-12-12 16:25,https://newyork.craigslist.org/mnh/egr/d/new-york-city-architectural-interior/6771230111.html,Architectural & Interior Design Internship
2018-12-12 13:43,https://newyork.craigslist.org/mnh/egr/d/new-york-city-dob-filing-rep-expediter/6771076782.html,DOB Filing Rep / Expediter Part Time
2018-12-12 12:25,https://newyork.craigslist.org/brk/egr/d/brooklyn-hiring-architectural-designer/6770993739.html,"Hiring Architectural Designer, Sculptors, Clay Modelers"
2018-12-12 11:34,https://newyork.craigslist.org/mnh/egr/d/new-york-city-project-architect/6770938515.html,Project Architect
2018-12-12 10:59,https://newyork.craigslist.org/mnh/egr/d/new-york-city-architectural-project/6770902962.html,Architectural Project Manager
2018-12-11 19:01,https://newyork.craigslist.org/mnh/egr/d/staten-island-testing-and-balancing-tab/6770543051.html,Testing and Balancing (TAB) Technician
2018-12-11 15:53,https://newyork.craigslist.org/wch/egr/d/inside-sales-engineering-role-salary/6770384902.html,Inside Sales Engineering Role (Salary/Full-Time)
2018-12-11 15:20,https://newyork.craigslist.org/brk/egr/d/brooklyn-nyc-dob-expediters-seeking/6770352294.html,NYC DOB Expediters Seeking Class 2 Filing Rep
2018-12-11 12:21,https://newyork.craigslist.org/brk/egr/d/new-york-city-hiring-an-intermediate/6770158761.html,Hiring an Intermediate/Senior Interior Designer
2018-12-11 12:17,https://newyork.craigslist.org/mnh/egr/d/new-york-city-restaurant-interior-design/6770154420.html,Restaurant Interior Design
2018-12-11 11:47,https://newyork.craigslist.org/lgi/egr/d/hicksville-mechanical-engineer/6770121402.html,Mechanical Engineer
2018-12-11 11:27,https://newyork.craigslist.org/stn/egr/d/staten-island-math-specialist/6770100492.html,MATH Specialist
2018-12-11 10:49,https://newyork.craigslist.org/lgi/egr/d/hicksville-kitchen-designer-wanted/6770062399.html,Kitchen Designer Wanted!
2018-12-11 09:41,https://newyork.craigslist.org/mnh/egr/d/astoria-stone-project-manager-senior/6770003884.html,Stone Project Manager - Senior Position
2018-12-11 09:41,https://newyork.craigslist.org/mnh/egr/d/astoria-stone-jr-estimator/6770003576.html,Stone Jr Estimator
2018-12-11 09:20,https://newyork.craigslist.org/mnh/egr/d/new-york-city-junior-architect-with/6769987876.html,Junior Architect with Purchasing Experience
2018-12-11 09:07,https://newyork.craigslist.org/que/egr/d/project-architects/6769978106.html,Project Architect(s)
2018-12-10 18:05,https://newyork.craigslist.org/que/egr/d/flushing-structural-engineer-3-5-yrs-exp/6769659241.html,Structural Engineer (3-5 yrs Exp.)
2018-12-10 17:47,https://newyork.craigslist.org/que/egr/d/flushing-construction-project-manager/6769644305.html,Construction Project Manager/Foreman-Bilingual in Chinese
2018-12-10 16:22,https://newyork.craigslist.org/mnh/egr/d/electrical-engineer/6769566326.html,Electrical Engineer
2018-12-10 15:47,https://newyork.craigslist.org/que/egr/d/bayside-project-architect-manager/6769532128.html,Project Architect/Manager
2018-12-10 13:09,https://newyork.craigslist.org/mnh/egr/d/new-york-city-superintendent-heavy/6769362692.html,Superintendent - Heavy Construction
2018-12-10 12:53,https://newyork.craigslist.org/brk/egr/d/architectural-drafting-person/6769344609.html,Architectural  drafting person
2018-12-10 11:43,https://newyork.craigslist.org/que/egr/d/autocad-person-wanted-for-immediate-hire/6769263038.html,Autocad person wanted for immediate hire!!!
2018-12-10 11:01,https://newyork.craigslist.org/mnh/egr/d/new-york-city-floor-plan-measurer-as/6769218227.html,Floor Plan Measurer: AS-BUILT Drawings $50/hr
2018-12-10 07:50,https://newyork.craigslist.org/lgi/egr/d/melville-bookkeeper/6769080299.html,BOOKKEEPER
